[{"fields": {"model": "logentry", "name": "log entry", "app_label": "admin"}, "model": "contenttypes.contenttype", "pk": 1}, {"fields": {"model": "permission", "name": "permission", "app_label": "auth"}, "model": "contenttypes.contenttype", "pk": 2}, {"fields": {"model": "group", "name": "group", "app_label": "auth"}, "model": "contenttypes.contenttype", "pk": 3}, {"fields": {"model": "user", "name": "user", "app_label": "auth"}, "model": "contenttypes.contenttype", "pk": 4}, {"fields": {"model": "contenttype", "name": "content type", "app_label": "contenttypes"}, "model": "contenttypes.contenttype", "pk": 5}, {"fields": {"model": "session", "name": "session", "app_label": "sessions"}, "model": "contenttypes.contenttype", "pk": 6}, {"fields": {"model": "site", "name": "site", "app_label": "sites"}, "model": "contenttypes.contenttype", "pk": 7}, {"fields": {"model": "plangroup", "name": "plan group", "app_label": "plans"}, "model": "contenttypes.contenttype", "pk": 8}, {"fields": {"model": "plan", "name": "Plan", "app_label": "plans"}, "model": "contenttypes.contenttype", "pk": 9}, {"fields": {"model": "billinginfo", "name": "Billing info", "app_label": "plans"}, "model": "contenttypes.contenttype", "pk": 10}, {"fields": {"model": "userplan", "name": "User plan", "app_label": "plans"}, "model": "contenttypes.contenttype", "pk": 11}, {"fields": {"model": "pricing", "name": "Pricing", "app_label": "plans"}, "model": "contenttypes.contenttype", "pk": 12}, {"fields": {"model": "quota", "name": "Quota", "app_label": "plans"}, "model": "contenttypes.contenttype", "pk": 13}, {"fields": {"model": "planpricing", "name": "Plan pricing", "app_label": "plans"}, "model": "contenttypes.contenttype", "pk": 14}, {"fields": {"model": "planquota", "name": "Plan quota", "app_label": "plans"}, "model": "contenttypes.contenttype", "pk": 15}, {"fields": {"model": "order", "name": "Order", "app_label": "plans"}, "model": "contenttypes.contenttype", "pk": 16}, {"fields": {"model": "invoice", "name": "Invoice", "app_label": "plans"}, "model": "contenttypes.contenttype", "pk": 17}, {"fields": {"model": "foo", "name": "foo", "app_label": "foo"}, "model": "contenttypes.contenttype", "pk": 18}, {"fields": {"expire_date": "2015-04-27T11:09:38.257Z", "session_data": "NWVjMGIyNzRjNjQyNzRlNzdkMThhNzA2NTU2YzFlNzRhMzM3YWIzZDp7Il9hdXRoX3VzZXJfaGFzaCI6IjkwMzEzYjljMjFjZmI3ZDEwNjhlNGQ0MWYyM2I1ODA5NTdiYTY1NTgiLCJfYXV0aF91c2VyX2JhY2tlbmQiOiJkamFuZ28uY29udHJpYi5hdXRoLmJhY2tlbmRzLk1vZGVsQmFja2VuZCIsIl9hdXRoX3VzZXJfaWQiOjF9"}, "model": "sessions.session", "pk": "hjh3uoitzgtiup0bn8lozwjf561d5t4e"}, {"fields": {"domain": "example.com", "name": "example.com"}, "model": "sites.site", "pk": 1}, {"fields": {"slug": "pg1", "order": 0, "name": "PlanGroup1"}, "model": "plans.plangroup", "pk": 1}, {"fields": {"slug": "pg2", "order": 1, "name": "PlanGroup2"}, "model": "plans.plangroup", "pk": 2}, {"fields": {"url": "", "name": "monthly", "period": 30}, "model": "plans.pricing", "pk": 1}, {"fields": {"url": "", "name": "half-year", "period": 180}, "model": "plans.pricing", "pk": 2}, {"fields": {"url": "", "name": "year", "period": 365}, "model": "plans.pricing", "pk": 3}, {"fields": {"description": "Number of separate foos you can have on your account.", "url": "", "name": "Number of Foo's", "codename": "MAX_FOO_COUNT", "order": 0, "unit": "foos", "is_boolean": false}, "model": "plans.quota", "pk": 1}, {"fields": {"description": "Allows to deletes Foo's", "url": "", "name": "Foo deletion", "codename": "CAN_DELETE_FOO", "order": 2, "unit": "", "is_boolean": true}, "model": "plans.quota", "pk": 3}, {"fields": {"description": "Should not be visible", "url": "", "name": "Should not be visible", "codename": "NOT_USED_QUOTA", "order": 3, "unit": "", "is_boolean": false}, "model": "plans.quota", "pk": 5}, {"fields": {"price": "10", "plan": 3, "pricing": 1}, "model": "plans.planpricing", "pk": 1}, {"fields": {"price": "50", "plan": 3, "pricing": 2}, "model": "plans.planpricing", "pk": 2}, {"fields": {"price": "90", "plan": 3, "pricing": 3}, "model": "plans.planpricing", "pk": 3}, {"fields": {"price": "20", "plan": 4, "pricing": 1}, "model": "plans.planpricing", "pk": 4}, {"fields": {"price": "100", "plan": 4, "pricing": 2}, "model": "plans.planpricing", "pk": 5}, {"fields": {"price": "180", "plan": 4, "pricing": 3}, "model": "plans.planpricing", "pk": 6}, {"fields": {"price": "200", "plan": 5, "pricing": 1}, "model": "plans.planpricing", "pk": 7}, {"fields": {"price": "400", "plan": 5, "pricing": 2}, "model": "plans.planpricing", "pk": 8}, {"fields": {"price": "800", "plan": 5, "pricing": 3}, "model": "plans.planpricing", "pk": 9}, {"fields": {"price": "11", "plan": 6, "pricing": 1}, "model": "plans.planpricing", "pk": 10}, {"fields": {"price": "22", "plan": 6, "pricing": 2}, "model": "plans.planpricing", "pk": 11}, {"fields": {"price": "33", "plan": 6, "pricing": 3}, "model": "plans.planpricing", "pk": 12}, {"fields": {"price": "1", "plan": 8, "pricing": 1}, "model": "plans.planpricing", "pk": 16}, {"fields": {"price": "2", "plan": 8, "pricing": 2}, "model": "plans.planpricing", "pk": 17}, {"fields": {"price": "3", "plan": 8, "pricing": 3}, "model": "plans.planpricing", "pk": 18}, {"fields": {"plan": 3, "value": 3, "quota": 1}, "model": "plans.planquota", "pk": 1}, {"fields": {"plan": 4, "value": 15, "quota": 1}, "model": "plans.planquota", "pk": 3}, {"fields": {"plan": 3, "value": 0, "quota": 3}, "model": "plans.planquota", "pk": 6}, {"fields": {"plan": 6, "value": 1, "quota": 1}, "model": "plans.planquota", "pk": 8}, {"fields": {"plan": 6, "value": 3, "quota": 3}, "model": "plans.planquota", "pk": 10}, {"fields": {"plan": 4, "value": 1, "quota": 3}, "model": "plans.planquota", "pk": 13}, {"fields": {"plan": 5, "value": 1, "quota": 3}, "model": "plans.planquota", "pk": 14}, {"fields": {"plan": 8, "value": 1, "quota": 3}, "model": "plans.planquota", "pk": 16}, {"fields": {"plan": 8, "value": 13, "quota": 1}, "model": "plans.planquota", "pk": 18}, {"fields": {"plan": 5, "value": null, "quota": 1}, "model": "plans.planquota", "pk": 19}, {"fields": {"codename": "add_logentry", "name": "Can add log entry", "content_type": 1}, "model": "auth.permission", "pk": 1}, {"fields": {"codename": "change_logentry", "name": "Can change log entry", "content_type": 1}, "model": "auth.permission", "pk": 2}, {"fields": {"codename": "delete_logentry", "name": "Can delete log entry", "content_type": 1}, "model": "auth.permission", "pk": 3}, {"fields": {"codename": "add_permission", "name": "Can add permission", "content_type": 2}, "model": "auth.permission", "pk": 4}, {"fields": {"codename": "change_permission", "name": "Can change permission", "content_type": 2}, "model": "auth.permission", "pk": 5}, {"fields": {"codename": "delete_permission", "name": "Can delete permission", "content_type": 2}, "model": "auth.permission", "pk": 6}, {"fields": {"codename": "add_group", "name": "Can add group", "content_type": 3}, "model": "auth.permission", "pk": 7}, {"fields": {"codename": "change_group", "name": "Can change group", "content_type": 3}, "model": "auth.permission", "pk": 8}, {"fields": {"codename": "delete_group", "name": "Can delete group", "content_type": 3}, "model": "auth.permission", "pk": 9}, {"fields": {"codename": "add_user", "name": "Can add user", "content_type": 4}, "model": "auth.permission", "pk": 10}, {"fields": {"codename": "change_user", "name": "Can change user", "content_type": 4}, "model": "auth.permission", "pk": 11}, {"fields": {"codename": "delete_user", "name": "Can delete user", "content_type": 4}, "model": "auth.permission", "pk": 12}, {"fields": {"codename": "add_contenttype", "name": "Can add content type", "content_type": 5}, "model": "auth.permission", "pk": 13}, {"fields": {"codename": "change_contenttype", "name": "Can change content type", "content_type": 5}, "model": "auth.permission", "pk": 14}, {"fields": {"codename": "delete_contenttype", "name": "Can delete content type", "content_type": 5}, "model": "auth.permission", "pk": 15}, {"fields": {"codename": "add_session", "name": "Can add session", "content_type": 6}, "model": "auth.permission", "pk": 16}, {"fields": {"codename": "change_session", "name": "Can change session", "content_type": 6}, "model": "auth.permission", "pk": 17}, {"fields": {"codename": "delete_session", "name": "Can delete session", "content_type": 6}, "model": "auth.permission", "pk": 18}, {"fields": {"codename": "add_site", "name": "Can add site", "content_type": 7}, "model": "auth.permission", "pk": 19}, {"fields": {"codename": "change_site", "name": "Can change site", "content_type": 7}, "model": "auth.permission", "pk": 20}, {"fields": {"codename": "delete_site", "name": "Can delete site", "content_type": 7}, "model": "auth.permission", "pk": 21}, {"fields": {"codename": "add_plangroup", "name": "Can add plan group", "content_type": 8}, "model": "auth.permission", "pk": 22}, {"fields": {"codename": "change_plangroup", "name": "Can change plan group", "content_type": 8}, "model": "auth.permission", "pk": 23}, {"fields": {"codename": "delete_plangroup", "name": "Can delete plan group", "content_type": 8}, "model": "auth.permission", "pk": 24}, {"fields": {"codename": "add_plan", "name": "Can add Plan", "content_type": 9}, "model": "auth.permission", "pk": 25}, {"fields": {"codename": "change_plan", "name": "Can change Plan", "content_type": 9}, "model": "auth.permission", "pk": 26}, {"fields": {"codename": "delete_plan", "name": "Can delete Plan", "content_type": 9}, "model": "auth.permission", "pk": 27}, {"fields": {"codename": "add_billinginfo", "name": "Can add Billing info", "content_type": 10}, "model": "auth.permission", "pk": 28}, {"fields": {"codename": "change_billinginfo", "name": "Can change Billing info", "content_type": 10}, "model": "auth.permission", "pk": 29}, {"fields": {"codename": "delete_billinginfo", "name": "Can delete Billing info", "content_type": 10}, "model": "auth.permission", "pk": 30}, {"fields": {"codename": "add_userplan", "name": "Can add User plan", "content_type": 11}, "model": "auth.permission", "pk": 31}, {"fields": {"codename": "change_userplan", "name": "Can change User plan", "content_type": 11}, "model": "auth.permission", "pk": 32}, {"fields": {"codename": "delete_userplan", "name": "Can delete User plan", "content_type": 11}, "model": "auth.permission", "pk": 33}, {"fields": {"codename": "add_pricing", "name": "Can add Pricing", "content_type": 12}, "model": "auth.permission", "pk": 34}, {"fields": {"codename": "change_pricing", "name": "Can change Pricing", "content_type": 12}, "model": "auth.permission", "pk": 35}, {"fields": {"codename": "delete_pricing", "name": "Can delete Pricing", "content_type": 12}, "model": "auth.permission", "pk": 36}, {"fields": {"codename": "add_quota", "name": "Can add Quota", "content_type": 13}, "model": "auth.permission", "pk": 37}, {"fields": {"codename": "change_quota", "name": "Can change Quota", "content_type": 13}, "model": "auth.permission", "pk": 38}, {"fields": {"codename": "delete_quota", "name": "Can delete Quota", "content_type": 13}, "model": "auth.permission", "pk": 39}, {"fields": {"codename": "add_planpricing", "name": "Can add Plan pricing", "content_type": 14}, "model": "auth.permission", "pk": 40}, {"fields": {"codename": "change_planpricing", "name": "Can change Plan pricing", "content_type": 14}, "model": "auth.permission", "pk": 41}, {"fields": {"codename": "delete_planpricing", "name": "Can delete Plan pricing", "content_type": 14}, "model": "auth.permission", "pk": 42}, {"fields": {"codename": "add_planquota", "name": "Can add Plan quota", "content_type": 15}, "model": "auth.permission", "pk": 43}, {"fields": {"codename": "change_planquota", "name": "Can change Plan quota", "content_type": 15}, "model": "auth.permission", "pk": 44}, {"fields": {"codename": "delete_planquota", "name": "Can delete Plan quota", "content_type": 15}, "model": "auth.permission", "pk": 45}, {"fields": {"codename": "add_order", "name": "Can add Order", "content_type": 16}, "model": "auth.permission", "pk": 46}, {"fields": {"codename": "change_order", "name": "Can change Order", "content_type": 16}, "model": "auth.permission", "pk": 47}, {"fields": {"codename": "delete_order", "name": "Can delete Order", "content_type": 16}, "model": "auth.permission", "pk": 48}, {"fields": {"codename": "add_invoice", "name": "Can add Invoice", "content_type": 17}, "model": "auth.permission", "pk": 49}, {"fields": {"codename": "change_invoice", "name": "Can change Invoice", "content_type": 17}, "model": "auth.permission", "pk": 50}, {"fields": {"codename": "delete_invoice", "name": "Can delete Invoice", "content_type": 17}, "model": "auth.permission", "pk": 51}, {"fields": {"codename": "add_foo", "name": "Can add foo", "content_type": 18}, "model": "auth.permission", "pk": 52}, {"fields": {"codename": "change_foo", "name": "Can change foo", "content_type": 18}, "model": "auth.permission", "pk": 53}, {"fields": {"codename": "delete_foo", "name": "Can delete foo", "content_type": 18}, "model": "auth.permission", "pk": 54}, {"fields": {"username": "test1", "first_name": "", "last_name": "", "is_active": true, "is_superuser": true, "is_staff": true, "last_login": "2015-04-13T11:09:38.147Z", "groups": [], "user_permissions": [], "password": "pbkdf2_sha256$12000$pLE8Yrrv9zoN$aQqaEpJEV/RnQO967KMG7u7uBaPe4iX/ZoHtf6wzr1E=", "email": "test1@test1.com", "date_joined": "2012-11-12T10:45:40.716Z"}, "model": "auth.user", "pk": 1}, {"fields": {"username": "test2", "first_name": "", "last_name": "", "is_active": true, "is_superuser": true, "is_staff": true, "last_login": "2012-11-12T10:45:53.931Z", "groups": [], "user_permissions": [], "password": "pbkdf2_sha256$10000$beNhUGohojeu$EP8CgR5km6LqhZ5+6Vzk5h2u9/KT730s9+nhTWjZETA=", "email": "test2@test2.com", "date_joined": "2012-11-12T10:45:53.931Z"}, "model": "auth.user", "pk": 2}, {"fields": {"available": true, "description": "Plan for small company", "created": "2012-05-05T15:24:44Z", "default": true, "customized": null, "visible": true, "url": "", "plangroup": 1, "order": 0, "name": "Standard"}, "model": "plans.plan", "pk": 3}, {"fields": {"available": true, "description": "Most recommended", "created": "2012-05-05T15:36:31Z", "default": false, "customized": null, "visible": true, "url": "", "plangroup": 1, "order": 1, "name": "Premium"}, "model": "plans.plan", "pk": 4}, {"fields": {"available": true, "description": "Professional plan", "created": "2012-07-12T13:07:23Z", "default": false, "customized": null, "visible": true, "url": "", "plangroup": 1, "order": 2, "name": "PRO"}, "model": "plans.plan", "pk": 5}, {"fields": {"available": true, "description": "Custom for test1", "created": "2012-07-12T17:33:30Z", "default": false, "customized": 1, "visible": true, "url": "", "plangroup": 1, "order": 4, "name": "Custom"}, "model": "plans.plan", "pk": 6}, {"fields": {"available": true, "description": "Custom test 2", "created": "2012-07-24T12:51:57Z", "default": false, "customized": 2, "visible": true, "url": "", "plangroup": 1, "order": 5, "name": "Custom 2"}, "model": "plans.plan", "pk": 8}, {"fields": {"city": "Krak\u00f3w", "name": "Spolka Sp z o.o.", "shipping_name": "", "country": "PL", "shipping_street": "", "zipcode": "12-234", "shipping_zipcode": "", "street": "Sloneczna 15", "user": 1, "tax_number": "PL5521465632", "shipping_city": ""}, "model": "plans.billinginfo", "pk": 6}, {"fields": {"active": false, "expire": "2012-07-12", "user": 1, "plan": 3}, "model": "plans.userplan", "pk": 1}, {"fields": {"active": false, "expire": "2012-07-12", "user": 2, "plan": 5}, "model": "plans.userplan", "pk": 2}, {"fields": {"action_flag": 1, "action_time": "2015-04-13T11:10:11.415Z", "object_repr": "PlanGroup1", "object_id": "1", "change_message": "", "user": 1, "content_type": 8}, "model": "admin.logentry", "pk": 1}, {"fields": {"action_flag": 1, "action_time": "2015-04-13T11:10:18.977Z", "object_repr": "PlanGroup2", "object_id": "2", "change_message": "", "user": 1, "content_type": 8}, "model": "admin.logentry", "pk": 2}, {"fields": {"action_flag": 2, "action_time": "2015-04-13T11:10:42.922Z", "object_repr": "Standard", "object_id": "3", "change_message": "Changed plangroup.", "user": 1, "content_type": 9}, "model": "admin.logentry", "pk": 3}, {"fields": {"action_flag": 2, "action_time": "2015-04-13T11:10:47.693Z", "object_repr": "Premium", "object_id": "4", "change_message": "Changed plangroup.", "user": 1, "content_type": 9}, "model": "admin.logentry", "pk": 4}, {"fields": {"action_flag": 2, "action_time": "2015-04-13T11:10:52.308Z", "object_repr": "PRO", "object_id": "5", "change_message": "Changed plangroup.", "user": 1, "content_type": 9}, "model": "admin.logentry", "pk": 5}, {"fields": {"action_flag": 2, "action_time": "2015-04-13T11:10:56.889Z", "object_repr": "Custom", "object_id": "6", "change_message": "Changed plangroup.", "user": 1, "content_type": 9}, "model": "admin.logentry", "pk": 6}, {"fields": {"action_flag": 2, "action_time": "2015-04-13T11:11:01.950Z", "object_repr": "Custom 2", "object_id": "8", "change_message": "Changed plangroup.", "user": 1, "content_type": 9}, "model": "admin.logentry", "pk": 7}]